# Please edit the original: multi_bez_str-orig
Ackerstr.	Mitte,Gesundbrunnen
Altonaer Str.	Hansaviertel,Tiergarten
Am Nordgraben	Wittenau,Borsigwalde,Reinickendorf
Am Seegraben	Bohnsdorf,Altglienicke
Amselstr.	Dahlem,Schmargendorf
Arndtstr.	Mahlsdorf,Kaulsdorf
Aschaffenburger Str.	Schöneberg,Wilmersdorf
Augsburger Str.	Charlottenburg,Wilmersdorf,Schöneberg
Auguste-Viktoria-Str.	Grunewald,Schmargendorf
Bahnhofstr.	Blankenburg,Französisch Buchholz
Bamberger Str.	Schöneberg,Wilmersdorf
Berliner Str.	Zehlendorf,Dahlem
Blankenburger Str.	Niederschönhausen,Französisch Buchholz
Borkumer Str.	Schmargendorf,Wilmersdorf
Burggrafenstr.	Mahlsdorf,Kaulsdorf
Cecilienstr.	Biesdorf,Hellersdorf
Charlottenstr.	Niederschönhausen,Rosenthal
Chausseestr.	Mitte,Wedding,Gesundbrunnen
Delbrückstr.	Friedrichsfelde,Rummelsburg
Dorfstr.	Spandau,Wilhelmstadt
Eisenacher Str.	Marzahn,Hellersdorf
Eislebener Str.	Wilmersdorf,Charlottenburg
Elisabethstr.	Biesdorf,Marzahn
Elsenstr.	Neukölln,Alt-Treptow
Ernststr.	Tegel,Borsigwalde
Eschenstr.	Kaulsdorf,Mahlsdorf
Fasanenstr.	Charlottenburg,Wilmersdorf
Fehrbelliner Str.	Mitte,Prenzlauer Berg
Friedrichstr.	Mitte,Kreuzberg
Friesenstr.	Kreuzberg,Tempelhof
Gartenstr.	Mitte,Gesundbrunnen
Germanenstr.	Niederschönhausen,Rosenthal,Wilhelmsruh
Giesestr.	Kaulsdorf,Mahlsdorf
Goethestr.	Weißensee,Prenzlauer Berg
Grenzallee	Neukölln,Britz
Großbeerenstr.	Mariendorf,Marienfelde
Gründerstr.	Bohnsdorf,Grünau
Grüner Weg	Britz,Buckow
Gärtnerstr.	Lichterfelde,Lankwitz
Gürtelstr.	Friedrichshain,Lichtenberg
Hansastr.	Weißensee,Alt-Hohenschönhausen
Hasenheide	Kreuzberg,Neukölln
Hauptstr.	Rosenthal,Wilhelmsruh
Hauptweg	Wartenberg,Neu-Hohenschönhausen
Haydnstr.	Lichterfelde,Steglitz
Hedwigstr.	Friedenau,Schöneberg
Heerstr.	Westend,Wilhelmstadt,Staaken
Hellersdorfer Str.	Falkenberg,Kaulsdorf,Hellersdorf
Hohenschönhauser Str.	Neu-Hohenschönhausen,Marzahn,Falkenberg
Hohenschönhauser Weg	Malchow,Neu-Hohenschönhausen
Holsteinische Str.	Steglitz,Friedenau
Hüttenweg	Grunewald,Dahlem
Ilsestr.	Karlshorst,Rummelsburg
Jägerstr.	Lichterfelde,Lankwitz
Kastanienallee	Prenzlauer Berg,Mitte
Kaulsdorfer Str.	Köpenick,Kaulsdorf
Keithstr.	Schöneberg,Tiergarten
Klopstockstr.	Hansaviertel,Tiergarten
Knausstr.	Steglitz,Schöneberg
Knesebeckstr.	Charlottenburg,Wilmersdorf
Kommandantenstr.	Kreuzberg,Mitte
Kopenhagener Str.	Reinickendorf,Wilhelmsruh
Kurfürstenstr.	Tiergarten,Schöneberg
Königsweg	Wannsee,Nikolassee,Zehlendorf
Köpenicker Str.	Biesdorf,Köpenick
Köthener Str.	Kreuzberg,Tiergarten
Lange Str.	Lichterfelde,Lankwitz
Lankwitzer Str.	Lichterfelde,Lankwitz
Lindenberger Weg	Blankenburg,Stadtrandsiedlung Malchow
Lohengrinstr.	Kaulsdorf,Mahlsdorf
Luisenstr.	Lichterfelde,Lankwitz
Markgrafenstr.	Mahlsdorf,Kaulsdorf
Müllerstr.	Wedding,Gesundbrunnen
Nibelungenstr.	Wannsee,Nikolassee
Nordbahnstr.	Gesundbrunnen,Pankow
Nürnberger Str.	Wilmersdorf,Charlottenburg,Schöneberg
Pankgrafenstr.	Karow,Französisch Buchholz
Parallelstr.	Lichterfelde,Lankwitz
Parkweg	Alt-Treptow,Friedrichshain
Pichelswerderstr.	Spandau,Wilhelmstadt
Potsdamer Chaussee	Gatow,Wilhelmstadt
Potsdamer Str.	Schöneberg,Tiergarten
Pücklerstr.	Grunewald,Schmargendorf,Dahlem
Regensburger Str.	Schöneberg,Wilmersdorf
Rhinstr.	Marzahn,Friedrichsfelde,Lichtenberg,Alt-Hohenschönhausen
Richterstr.	Bohnsdorf,Grünau
Ringstr.	Tempelhof,Mariendorf
Rixdorfer Str.	Niederschöneweide,Johannisthal,Baumschulenweg
Rudower Str.	Buckow,Gropiusstadt
Rummelsburger Str.	Friedrichsfelde,Rummelsburg
Scharnweberstr.	Reinickendorf,Wedding
Schillerstr.	Niederschönhausen,Rosenthal
Schloßstr.	Steglitz,Lichterfelde
Schulenburgstr.	Spandau,Wilhelmstadt
Schulstr.	Wedding,Gesundbrunnen
Schwedter Str.	Mitte,Prenzlauer Berg
Schönerlinder Str.	Französisch Buchholz,Buch,Blankenfelde
Schönhauser Str.	Rosenthal,Niederschönhausen
Schützenstr.	Niederschönhausen,Reinickendorf
Seebadstr.	Kaulsdorf,Mahlsdorf
Seestr.	Wedding,Charlottenburg-Nord,Moabit
Siemensstr.	Lankwitz,Lichterfelde,Steglitz
Sophienstr.	Friedrichsfelde,Rummelsburg
Stieglitzweg	Buckow,Gropiusstadt
Straßburger Str.	Spandau,Wilhelmstadt
Straße 182	Niederschönhausen,Französisch Buchholz
Straße 199	Französisch Buchholz,Niederschönhausen
Stubenrauchstr.	Rudow,Johannisthal
Tempelhofer Weg	Britz,Tempelhof
Thorwaldsenstr.	Steglitz,Schöneberg
Triftstr.	Hakenfelde,Spandau
Uhlandstr.	Rosenthal,Wilhelmsruh
Ulmenstr.	Kaulsdorf,Mahlsdorf
Waldemarstr.	Kreuzberg,Mitte
Wiesbadener Str.	Friedenau,Wilmersdorf
Wiesenweg	Lankwitz,Lichterfelde
Wildenbruchstr.	Neukölln,Alt-Treptow
Wilhelmstr.	Mitte,Kreuzberg
Wodanstr.	Niederschönhausen,Rosenthal
Zeppelinstr.	Spandau,Falkenhagener Feld
Zerbster Str.	Lichterfelde,Lankwitz
Zimmerstr.	Kreuzberg,Mitte
